kab/kota,urls
Arab Saudi,https://vervalyayasan.data.kemdikbud.go.id/index.php/Chome/rekapitulasi?kode_wilayah=350800
Belanda,https://vervalyayasan.data.kemdikbud.go.id/index.php/Chome/rekapitulasi?kode_wilayah=350100
Filipina,https://vervalyayasan.data.kemdikbud.go.id/index.php/Chome/rekapitulasi?kode_wilayah=350600
Malaysia,https://vervalyayasan.data.kemdikbud.go.id/index.php/Chome/rekapitulasi?kode_wilayah=350400
Mesir,https://vervalyayasan.data.kemdikbud.go.id/index.php/Chome/rekapitulasi?kode_wilayah=350300
Singapura,https://vervalyayasan.data.kemdikbud.go.id/index.php/Chome/rekapitulasi?kode_wilayah=351000
Taiwan,https://vervalyayasan.data.kemdikbud.go.id/index.php/Chome/rekapitulasi?kode_wilayah=351300
Thailand,https://vervalyayasan.data.kemdikbud.go.id/index.php/Chome/rekapitulasi?kode_wilayah=351200
Kab. Aceh Barat,https://vervalyayasan.data.kemdikbud.go.id/index.php/Chome/rekapitulasi?kode_wilayah=060600
Kab. Aceh Barat Daya,https://vervalyayasan.data.kemdikbud.go.id/index.php/Chome/rekapitulasi?kode_wilayah=061700
Kab. Aceh Besar,https://vervalyayasan.data.kemdikbud.go.id/index.php/Chome/rekapitulasi?kode_wilayah=060100
Kab. Aceh Jaya,https://vervalyayasan.data.kemdikbud.go.id/index.php/Chome/rekapitulasi?kode_wilayah=061600
Kab. Aceh Selatan,https://vervalyayasan.data.kemdikbud.go.id/index.php/Chome/rekapitulasi?kode_wilayah=060700
Kab. Aceh Singkil,https://vervalyayasan.data.kemdikbud.go.id/index.php/Chome/rekapitulasi?kode_wilayah=061300
Kab. Aceh Tamiang,https://vervalyayasan.data.kemdikbud.go.id/index.php/Chome/rekapitulasi?kode_wilayah=061400
Kab. Aceh Tengah,https://vervalyayasan.data.kemdikbud.go.id/index.php/Chome/rekapitulasi?kode_wilayah=060500
Kab. Aceh Tenggara,https://vervalyayasan.data.kemdikbud.go.id/index.php/Chome/rekapitulasi?kode_wilayah=060800
Kab. Aceh Timur,https://vervalyayasan.data.kemdikbud.go.id/index.php/Chome/rekapitulasi?kode_wilayah=060400
Kab. Aceh Utara,https://vervalyayasan.data.kemdikbud.go.id/index.php/Chome/rekapitulasi?kode_wilayah=060300
Kab. Bener Meriah,https://vervalyayasan.data.kemdikbud.go.id/index.php/Chome/rekapitulasi?kode_wilayah=061900
Kab. Bireuen,https://vervalyayasan.data.kemdikbud.go.id/index.php/Chome/rekapitulasi?kode_wilayah=061200
Kab. Gayo Lues,https://vervalyayasan.data.kemdikbud.go.id/index.php/Chome/rekapitulasi?kode_wilayah=061800
Kab. Nagan Raya,https://vervalyayasan.data.kemdikbud.go.id/index.php/Chome/rekapitulasi?kode_wilayah=061500
Kab. Pidie,https://vervalyayasan.data.kemdikbud.go.id/index.php/Chome/rekapitulasi?kode_wilayah=060200
Kab. Pidie Jaya,https://vervalyayasan.data.kemdikbud.go.id/index.php/Chome/rekapitulasi?kode_wilayah=062000
Kab. Simeulue,https://vervalyayasan.data.kemdikbud.go.id/index.php/Chome/rekapitulasi?kode_wilayah=061100
Kota Banda Aceh,https://vervalyayasan.data.kemdikbud.go.id/index.php/Chome/rekapitulasi?kode_wilayah=066100
Kota Langsa,https://vervalyayasan.data.kemdikbud.go.id/index.php/Chome/rekapitulasi?kode_wilayah=066300
Kota Lhokseumawe,https://vervalyayasan.data.kemdikbud.go.id/index.php/Chome/rekapitulasi?kode_wilayah=066200
Kota Sabang,https://vervalyayasan.data.kemdikbud.go.id/index.php/Chome/rekapitulasi?kode_wilayah=066000
Kota Subulussalam,https://vervalyayasan.data.kemdikbud.go.id/index.php/Chome/rekapitulasi?kode_wilayah=066400
Kab. Badung,https://vervalyayasan.data.kemdikbud.go.id/index.php/Chome/rekapitulasi?kode_wilayah=220400
Kab. Bangli,https://vervalyayasan.data.kemdikbud.go.id/index.php/Chome/rekapitulasi?kode_wilayah=220700
Kab. Buleleng,https://vervalyayasan.data.kemdikbud.go.id/index.php/Chome/rekapitulasi?kode_wilayah=220100
Kab. Gianyar,https://vervalyayasan.data.kemdikbud.go.id/index.php/Chome/rekapitulasi?kode_wilayah=220500
Kab. Jembrana,https://vervalyayasan.data.kemdikbud.go.id/index.php/Chome/rekapitulasi?kode_wilayah=220200
Kab. Karang Asem,https://vervalyayasan.data.kemdikbud.go.id/index.php/Chome/rekapitulasi?kode_wilayah=220800
Kab. Klungkung,https://vervalyayasan.data.kemdikbud.go.id/index.php/Chome/rekapitulasi?kode_wilayah=220600
Kab. Tabanan,https://vervalyayasan.data.kemdikbud.go.id/index.php/Chome/rekapitulasi?kode_wilayah=220300
Kota Denpasar,https://vervalyayasan.data.kemdikbud.go.id/index.php/Chome/rekapitulasi?kode_wilayah=226000
Kab. Lebak,https://vervalyayasan.data.kemdikbud.go.id/index.php/Chome/rekapitulasi?kode_wilayah=280200
Kab. Pandeglang,https://vervalyayasan.data.kemdikbud.go.id/index.php/Chome/rekapitulasi?kode_wilayah=280100
Kab. Serang,https://vervalyayasan.data.kemdikbud.go.id/index.php/Chome/rekapitulasi?kode_wilayah=280400
Kab. Tangerang,https://vervalyayasan.data.kemdikbud.go.id/index.php/Chome/rekapitulasi?kode_wilayah=280300
Kota Cilegon,https://vervalyayasan.data.kemdikbud.go.id/index.php/Chome/rekapitulasi?kode_wilayah=286000
Kota Serang,https://vervalyayasan.data.kemdikbud.go.id/index.php/Chome/rekapitulasi?kode_wilayah=286200
Kota Tangerang,https://vervalyayasan.data.kemdikbud.go.id/index.php/Chome/rekapitulasi?kode_wilayah=286100
Kota Tangerang Selatan,https://vervalyayasan.data.kemdikbud.go.id/index.php/Chome/rekapitulasi?kode_wilayah=286300
Kab. Bengkulu Selatan,https://vervalyayasan.data.kemdikbud.go.id/index.php/Chome/rekapitulasi?kode_wilayah=260300
Kab. Bengkulu Tengah,https://vervalyayasan.data.kemdikbud.go.id/index.php/Chome/rekapitulasi?kode_wilayah=260900
Kab. Bengkulu Utara,https://vervalyayasan.data.kemdikbud.go.id/index.php/Chome/rekapitulasi?kode_wilayah=260100
Kab. Kaur,https://vervalyayasan.data.kemdikbud.go.id/index.php/Chome/rekapitulasi?kode_wilayah=260700
Kab. Kepahiang,https://vervalyayasan.data.kemdikbud.go.id/index.php/Chome/rekapitulasi?kode_wilayah=260500
Kab. Lebong,https://vervalyayasan.data.kemdikbud.go.id/index.php/Chome/rekapitulasi?kode_wilayah=260600
Kab. Muko-muko,https://vervalyayasan.data.kemdikbud.go.id/index.php/Chome/rekapitulasi?kode_wilayah=260400
Kab. Rejang Lebong,https://vervalyayasan.data.kemdikbud.go.id/index.php/Chome/rekapitulasi?kode_wilayah=260200
Kab. Seluma,https://vervalyayasan.data.kemdikbud.go.id/index.php/Chome/rekapitulasi?kode_wilayah=260800
Kota Bengkulu,https://vervalyayasan.data.kemdikbud.go.id/index.php/Chome/rekapitulasi?kode_wilayah=266000
Kab. Bantul,https://vervalyayasan.data.kemdikbud.go.id/index.php/Chome/rekapitulasi?kode_wilayah=040100
Kab. Gunung Kidul,https://vervalyayasan.data.kemdikbud.go.id/index.php/Chome/rekapitulasi?kode_wilayah=040300
Kab. Kulon Progo,https://vervalyayasan.data.kemdikbud.go.id/index.php/Chome/rekapitulasi?kode_wilayah=040400
Kab. Sleman,https://vervalyayasan.data.kemdikbud.go.id/index.php/Chome/rekapitulasi?kode_wilayah=040200
Kota Yogyakarta,https://vervalyayasan.data.kemdikbud.go.id/index.php/Chome/rekapitulasi?kode_wilayah=046000
Kab. Kepulauan Seribu,https://vervalyayasan.data.kemdikbud.go.id/index.php/Chome/rekapitulasi?kode_wilayah=010100
Kota Jakarta Barat,https://vervalyayasan.data.kemdikbud.go.id/index.php/Chome/rekapitulasi?kode_wilayah=016200
Kota Jakarta Pusat,https://vervalyayasan.data.kemdikbud.go.id/index.php/Chome/rekapitulasi?kode_wilayah=016000
Kota Jakarta Selatan,https://vervalyayasan.data.kemdikbud.go.id/index.php/Chome/rekapitulasi?kode_wilayah=016300
Kota Jakarta Timur,https://vervalyayasan.data.kemdikbud.go.id/index.php/Chome/rekapitulasi?kode_wilayah=016400
Kota Jakarta Utara,https://vervalyayasan.data.kemdikbud.go.id/index.php/Chome/rekapitulasi?kode_wilayah=016100
Kab. Boalemo,https://vervalyayasan.data.kemdikbud.go.id/index.php/Chome/rekapitulasi?kode_wilayah=300100
Kab. Bone Bolango,https://vervalyayasan.data.kemdikbud.go.id/index.php/Chome/rekapitulasi?kode_wilayah=300400
Kab. Gorontalo,https://vervalyayasan.data.kemdikbud.go.id/index.php/Chome/rekapitulasi?kode_wilayah=300200
Kab. Gorontalo Utara,https://vervalyayasan.data.kemdikbud.go.id/index.php/Chome/rekapitulasi?kode_wilayah=300500
Kab. Pohuwato,https://vervalyayasan.data.kemdikbud.go.id/index.php/Chome/rekapitulasi?kode_wilayah=300300
Kota Gorontalo,https://vervalyayasan.data.kemdikbud.go.id/index.php/Chome/rekapitulasi?kode_wilayah=306000
Kab. Batang Hari,https://vervalyayasan.data.kemdikbud.go.id/index.php/Chome/rekapitulasi?kode_wilayah=100100
Kab. Bungo,https://vervalyayasan.data.kemdikbud.go.id/index.php/Chome/rekapitulasi?kode_wilayah=100200
Kab. Kerinci,https://vervalyayasan.data.kemdikbud.go.id/index.php/Chome/rekapitulasi?kode_wilayah=100500
Kab. Merangin,https://vervalyayasan.data.kemdikbud.go.id/index.php/Chome/rekapitulasi?kode_wilayah=100900
Kab. Muaro Jambi,https://vervalyayasan.data.kemdikbud.go.id/index.php/Chome/rekapitulasi?kode_wilayah=100700
Kab. Sarolangun,https://vervalyayasan.data.kemdikbud.go.id/index.php/Chome/rekapitulasi?kode_wilayah=100300
Kab. Tanjung Jabung Barat,https://vervalyayasan.data.kemdikbud.go.id/index.php/Chome/rekapitulasi?kode_wilayah=100400
Kab. Tanjung Jabung Timur,https://vervalyayasan.data.kemdikbud.go.id/index.php/Chome/rekapitulasi?kode_wilayah=100800
Kab. Tebo,https://vervalyayasan.data.kemdikbud.go.id/index.php/Chome/rekapitulasi?kode_wilayah=100600
Kota Jambi,https://vervalyayasan.data.kemdikbud.go.id/index.php/Chome/rekapitulasi?kode_wilayah=106000
Kota Sungai Penuh,https://vervalyayasan.data.kemdikbud.go.id/index.php/Chome/rekapitulasi?kode_wilayah=106100
Kab. Bandung,https://vervalyayasan.data.kemdikbud.go.id/index.php/Chome/rekapitulasi?kode_wilayah=020800
Kab. Bandung Barat,https://vervalyayasan.data.kemdikbud.go.id/index.php/Chome/rekapitulasi?kode_wilayah=022300
Kab. Bekasi,https://vervalyayasan.data.kemdikbud.go.id/index.php/Chome/rekapitulasi?kode_wilayah=022200
Kab. Bogor,https://vervalyayasan.data.kemdikbud.go.id/index.php/Chome/rekapitulasi?kode_wilayah=020500
Kab. Ciamis,https://vervalyayasan.data.kemdikbud.go.id/index.php/Chome/rekapitulasi?kode_wilayah=021400
Kab. Cianjur,https://vervalyayasan.data.kemdikbud.go.id/index.php/Chome/rekapitulasi?kode_wilayah=020700
Kab. Cirebon,https://vervalyayasan.data.kemdikbud.go.id/index.php/Chome/rekapitulasi?kode_wilayah=021700
Kab. Garut,https://vervalyayasan.data.kemdikbud.go.id/index.php/Chome/rekapitulasi?kode_wilayah=021100
Kab. Indramayu,https://vervalyayasan.data.kemdikbud.go.id/index.php/Chome/rekapitulasi?kode_wilayah=021800
Kab. Karawang,https://vervalyayasan.data.kemdikbud.go.id/index.php/Chome/rekapitulasi?kode_wilayah=022100
Kab. Kuningan,https://vervalyayasan.data.kemdikbud.go.id/index.php/Chome/rekapitulasi?kode_wilayah=021500
Kab. Majalengka,https://vervalyayasan.data.kemdikbud.go.id/index.php/Chome/rekapitulasi?kode_wilayah=021600
Kab. Pangandaran,https://vervalyayasan.data.kemdikbud.go.id/index.php/Chome/rekapitulasi?kode_wilayah=022500
Kab. Purwakarta,https://vervalyayasan.data.kemdikbud.go.id/index.php/Chome/rekapitulasi?kode_wilayah=022000
Kab. Subang,https://vervalyayasan.data.kemdikbud.go.id/index.php/Chome/rekapitulasi?kode_wilayah=021900
Kab. Sukabumi,https://vervalyayasan.data.kemdikbud.go.id/index.php/Chome/rekapitulasi?kode_wilayah=020600
Kab. Sumedang,https://vervalyayasan.data.kemdikbud.go.id/index.php/Chome/rekapitulasi?kode_wilayah=021000
Kab. Tasikmalaya,https://vervalyayasan.data.kemdikbud.go.id/index.php/Chome/rekapitulasi?kode_wilayah=021200
Kota Bandung,https://vervalyayasan.data.kemdikbud.go.id/index.php/Chome/rekapitulasi?kode_wilayah=026000
Kota Banjar,https://vervalyayasan.data.kemdikbud.go.id/index.php/Chome/rekapitulasi?kode_wilayah=026900
Kota Bekasi,https://vervalyayasan.data.kemdikbud.go.id/index.php/Chome/rekapitulasi?kode_wilayah=026500
Kota Bogor,https://vervalyayasan.data.kemdikbud.go.id/index.php/Chome/rekapitulasi?kode_wilayah=026100
Kota Cimahi,https://vervalyayasan.data.kemdikbud.go.id/index.php/Chome/rekapitulasi?kode_wilayah=026700
Kota Cirebon,https://vervalyayasan.data.kemdikbud.go.id/index.php/Chome/rekapitulasi?kode_wilayah=026300
Kota Depok,https://vervalyayasan.data.kemdikbud.go.id/index.php/Chome/rekapitulasi?kode_wilayah=026600
Kota Sukabumi,https://vervalyayasan.data.kemdikbud.go.id/index.php/Chome/rekapitulasi?kode_wilayah=026200
Kota Tasikmalaya,https://vervalyayasan.data.kemdikbud.go.id/index.php/Chome/rekapitulasi?kode_wilayah=026800
Kab. Banjarnegara,https://vervalyayasan.data.kemdikbud.go.id/index.php/Chome/rekapitulasi?kode_wilayah=030400
Kab. Banyumas,https://vervalyayasan.data.kemdikbud.go.id/index.php/Chome/rekapitulasi?kode_wilayah=030200
Kab. Batang,https://vervalyayasan.data.kemdikbud.go.id/index.php/Chome/rekapitulasi?kode_wilayah=032500
Kab. Blora,https://vervalyayasan.data.kemdikbud.go.id/index.php/Chome/rekapitulasi?kode_wilayah=031600
Kab. Boyolali,https://vervalyayasan.data.kemdikbud.go.id/index.php/Chome/rekapitulasi?kode_wilayah=030900
Kab. Brebes,https://vervalyayasan.data.kemdikbud.go.id/index.php/Chome/rekapitulasi?kode_wilayah=032900
Kab. Cilacap,https://vervalyayasan.data.kemdikbud.go.id/index.php/Chome/rekapitulasi?kode_wilayah=030100
Kab. Demak,https://vervalyayasan.data.kemdikbud.go.id/index.php/Chome/rekapitulasi?kode_wilayah=032100
Kab. Grobogan,https://vervalyayasan.data.kemdikbud.go.id/index.php/Chome/rekapitulasi?kode_wilayah=031500
Kab. Jepara,https://vervalyayasan.data.kemdikbud.go.id/index.php/Chome/rekapitulasi?kode_wilayah=032000
Kab. Karanganyar,https://vervalyayasan.data.kemdikbud.go.id/index.php/Chome/rekapitulasi?kode_wilayah=031300
Kab. Kebumen,https://vervalyayasan.data.kemdikbud.go.id/index.php/Chome/rekapitulasi?kode_wilayah=030500
Kab. Kendal,https://vervalyayasan.data.kemdikbud.go.id/index.php/Chome/rekapitulasi?kode_wilayah=032400
Kab. Klaten,https://vervalyayasan.data.kemdikbud.go.id/index.php/Chome/rekapitulasi?kode_wilayah=031000
Kab. Kudus,https://vervalyayasan.data.kemdikbud.go.id/index.php/Chome/rekapitulasi?kode_wilayah=031900
Kab. Magelang,https://vervalyayasan.data.kemdikbud.go.id/index.php/Chome/rekapitulasi?kode_wilayah=030800
Kab. Pati,https://vervalyayasan.data.kemdikbud.go.id/index.php/Chome/rekapitulasi?kode_wilayah=031800
Kab. Pekalongan,https://vervalyayasan.data.kemdikbud.go.id/index.php/Chome/rekapitulasi?kode_wilayah=032600
Kab. Pemalang,https://vervalyayasan.data.kemdikbud.go.id/index.php/Chome/rekapitulasi?kode_wilayah=032700
Kab. Purbalingga,https://vervalyayasan.data.kemdikbud.go.id/index.php/Chome/rekapitulasi?kode_wilayah=030300
Kab. Purworejo,https://vervalyayasan.data.kemdikbud.go.id/index.php/Chome/rekapitulasi?kode_wilayah=030600
Kab. Rembang,https://vervalyayasan.data.kemdikbud.go.id/index.php/Chome/rekapitulasi?kode_wilayah=031700
Kab. Semarang,https://vervalyayasan.data.kemdikbud.go.id/index.php/Chome/rekapitulasi?kode_wilayah=032200
Kab. Sragen,https://vervalyayasan.data.kemdikbud.go.id/index.php/Chome/rekapitulasi?kode_wilayah=031400
Kab. Sukoharjo,https://vervalyayasan.data.kemdikbud.go.id/index.php/Chome/rekapitulasi?kode_wilayah=031100
Kab. Tegal,https://vervalyayasan.data.kemdikbud.go.id/index.php/Chome/rekapitulasi?kode_wilayah=032800
Kab. Temanggung,https://vervalyayasan.data.kemdikbud.go.id/index.php/Chome/rekapitulasi?kode_wilayah=032300
Kab. Wonogiri,https://vervalyayasan.data.kemdikbud.go.id/index.php/Chome/rekapitulasi?kode_wilayah=031200
Kab. Wonosobo,https://vervalyayasan.data.kemdikbud.go.id/index.php/Chome/rekapitulasi?kode_wilayah=030700
Kota Magelang,https://vervalyayasan.data.kemdikbud.go.id/index.php/Chome/rekapitulasi?kode_wilayah=036000
Kota Pekalongan,https://vervalyayasan.data.kemdikbud.go.id/index.php/Chome/rekapitulasi?kode_wilayah=036400
Kota Salatiga,https://vervalyayasan.data.kemdikbud.go.id/index.php/Chome/rekapitulasi?kode_wilayah=036200
Kota Semarang,https://vervalyayasan.data.kemdikbud.go.id/index.php/Chome/rekapitulasi?kode_wilayah=036300
Kota Surakarta,https://vervalyayasan.data.kemdikbud.go.id/index.php/Chome/rekapitulasi?kode_wilayah=036100
Kota Tegal,https://vervalyayasan.data.kemdikbud.go.id/index.php/Chome/rekapitulasi?kode_wilayah=036500
Kab. Bangkalan,https://vervalyayasan.data.kemdikbud.go.id/index.php/Chome/rekapitulasi?kode_wilayah=052900
Kab. Banyuwangi,https://vervalyayasan.data.kemdikbud.go.id/index.php/Chome/rekapitulasi?kode_wilayah=052500
Kab. Blitar,https://vervalyayasan.data.kemdikbud.go.id/index.php/Chome/rekapitulasi?kode_wilayah=051500
Kab. Bojonegoro,https://vervalyayasan.data.kemdikbud.go.id/index.php/Chome/rekapitulasi?kode_wilayah=050500
Kab. Bondowoso,https://vervalyayasan.data.kemdikbud.go.id/index.php/Chome/rekapitulasi?kode_wilayah=052200
Kab. Gresik,https://vervalyayasan.data.kemdikbud.go.id/index.php/Chome/rekapitulasi?kode_wilayah=050100
Kab. Jember,https://vervalyayasan.data.kemdikbud.go.id/index.php/Chome/rekapitulasi?kode_wilayah=052400
Kab. Jombang,https://vervalyayasan.data.kemdikbud.go.id/index.php/Chome/rekapitulasi?kode_wilayah=050400
Kab. Kediri,https://vervalyayasan.data.kemdikbud.go.id/index.php/Chome/rekapitulasi?kode_wilayah=051300
Kab. Lamongan,https://vervalyayasan.data.kemdikbud.go.id/index.php/Chome/rekapitulasi?kode_wilayah=050700
Kab. Lumajang,https://vervalyayasan.data.kemdikbud.go.id/index.php/Chome/rekapitulasi?kode_wilayah=052100
Kab. Madiun,https://vervalyayasan.data.kemdikbud.go.id/index.php/Chome/rekapitulasi?kode_wilayah=050800
Kab. Magetan,https://vervalyayasan.data.kemdikbud.go.id/index.php/Chome/rekapitulasi?kode_wilayah=051000
Kab. Malang,https://vervalyayasan.data.kemdikbud.go.id/index.php/Chome/rekapitulasi?kode_wilayah=051800
Kab. Mojokerto,https://vervalyayasan.data.kemdikbud.go.id/index.php/Chome/rekapitulasi?kode_wilayah=050300
Kab. Nganjuk,https://vervalyayasan.data.kemdikbud.go.id/index.php/Chome/rekapitulasi?kode_wilayah=051400
Kab. Ngawi,https://vervalyayasan.data.kemdikbud.go.id/index.php/Chome/rekapitulasi?kode_wilayah=050900
Kab. Pacitan,https://vervalyayasan.data.kemdikbud.go.id/index.php/Chome/rekapitulasi?kode_wilayah=051200
Kab. Pamekasan,https://vervalyayasan.data.kemdikbud.go.id/index.php/Chome/rekapitulasi?kode_wilayah=052600
Kab. Pasuruan,https://vervalyayasan.data.kemdikbud.go.id/index.php/Chome/rekapitulasi?kode_wilayah=051900
Kab. Ponorogo,https://vervalyayasan.data.kemdikbud.go.id/index.php/Chome/rekapitulasi?kode_wilayah=051100
Kab. Probolinggo,https://vervalyayasan.data.kemdikbud.go.id/index.php/Chome/rekapitulasi?kode_wilayah=052000
Kab. Sampang,https://vervalyayasan.data.kemdikbud.go.id/index.php/Chome/rekapitulasi?kode_wilayah=052700
Kab. Sidoarjo,https://vervalyayasan.data.kemdikbud.go.id/index.php/Chome/rekapitulasi?kode_wilayah=050200
Kab. Situbondo,https://vervalyayasan.data.kemdikbud.go.id/index.php/Chome/rekapitulasi?kode_wilayah=052300
Kab. Sumenep,https://vervalyayasan.data.kemdikbud.go.id/index.php/Chome/rekapitulasi?kode_wilayah=052800
Kab. Trenggalek,https://vervalyayasan.data.kemdikbud.go.id/index.php/Chome/rekapitulasi?kode_wilayah=051700
Kab. Tuban,https://vervalyayasan.data.kemdikbud.go.id/index.php/Chome/rekapitulasi?kode_wilayah=050600
Kab. Tulungagung,https://vervalyayasan.data.kemdikbud.go.id/index.php/Chome/rekapitulasi?kode_wilayah=051600
Kota Batu,https://vervalyayasan.data.kemdikbud.go.id/index.php/Chome/rekapitulasi?kode_wilayah=056800
Kota Blitar,https://vervalyayasan.data.kemdikbud.go.id/index.php/Chome/rekapitulasi?kode_wilayah=056500
Kota Kediri,https://vervalyayasan.data.kemdikbud.go.id/index.php/Chome/rekapitulasi?kode_wilayah=056300
Kota Madiun,https://vervalyayasan.data.kemdikbud.go.id/index.php/Chome/rekapitulasi?kode_wilayah=056200
Kota Malang,https://vervalyayasan.data.kemdikbud.go.id/index.php/Chome/rekapitulasi?kode_wilayah=056100
Kota Mojokerto,https://vervalyayasan.data.kemdikbud.go.id/index.php/Chome/rekapitulasi?kode_wilayah=056400
Kota Pasuruan,https://vervalyayasan.data.kemdikbud.go.id/index.php/Chome/rekapitulasi?kode_wilayah=056600
Kota Probolinggo,https://vervalyayasan.data.kemdikbud.go.id/index.php/Chome/rekapitulasi?kode_wilayah=056700
Kota Surabaya,https://vervalyayasan.data.kemdikbud.go.id/index.php/Chome/rekapitulasi?kode_wilayah=056000
Kab. Bengkayang,https://vervalyayasan.data.kemdikbud.go.id/index.php/Chome/rekapitulasi?kode_wilayah=130800
Kab. Kapuas Hulu,https://vervalyayasan.data.kemdikbud.go.id/index.php/Chome/rekapitulasi?kode_wilayah=130500
Kab. Kayong Utara,https://vervalyayasan.data.kemdikbud.go.id/index.php/Chome/rekapitulasi?kode_wilayah=131200
Kab. Ketapang,https://vervalyayasan.data.kemdikbud.go.id/index.php/Chome/rekapitulasi?kode_wilayah=130600
Kab. Kuburaya,https://vervalyayasan.data.kemdikbud.go.id/index.php/Chome/rekapitulasi?kode_wilayah=131300
Kab. Landak,https://vervalyayasan.data.kemdikbud.go.id/index.php/Chome/rekapitulasi?kode_wilayah=130900
Kab. Melawi,https://vervalyayasan.data.kemdikbud.go.id/index.php/Chome/rekapitulasi?kode_wilayah=131100
Kab. Mempawah,https://vervalyayasan.data.kemdikbud.go.id/index.php/Chome/rekapitulasi?kode_wilayah=130200
Kab. Sambas,https://vervalyayasan.data.kemdikbud.go.id/index.php/Chome/rekapitulasi?kode_wilayah=130100
Kab. Sanggau,https://vervalyayasan.data.kemdikbud.go.id/index.php/Chome/rekapitulasi?kode_wilayah=130300
Kab. Sekadau,https://vervalyayasan.data.kemdikbud.go.id/index.php/Chome/rekapitulasi?kode_wilayah=131000
Kab. Sintang,https://vervalyayasan.data.kemdikbud.go.id/index.php/Chome/rekapitulasi?kode_wilayah=130400
Kota Pontianak,https://vervalyayasan.data.kemdikbud.go.id/index.php/Chome/rekapitulasi?kode_wilayah=136000
Kota Singkawang,https://vervalyayasan.data.kemdikbud.go.id/index.php/Chome/rekapitulasi?kode_wilayah=136100
Kab. Balangan,https://vervalyayasan.data.kemdikbud.go.id/index.php/Chome/rekapitulasi?kode_wilayah=151000
Kab. Banjar,https://vervalyayasan.data.kemdikbud.go.id/index.php/Chome/rekapitulasi?kode_wilayah=150100
Kab. Barito Kuala,https://vervalyayasan.data.kemdikbud.go.id/index.php/Chome/rekapitulasi?kode_wilayah=150300
Kab. Hulu Sungai Selatan,https://vervalyayasan.data.kemdikbud.go.id/index.php/Chome/rekapitulasi?kode_wilayah=150500
Kab. Hulu Sungai Tengah,https://vervalyayasan.data.kemdikbud.go.id/index.php/Chome/rekapitulasi?kode_wilayah=150600
Kab. Hulu Sungai Utara,https://vervalyayasan.data.kemdikbud.go.id/index.php/Chome/rekapitulasi?kode_wilayah=150700
Kab. Kotabaru,https://vervalyayasan.data.kemdikbud.go.id/index.php/Chome/rekapitulasi?kode_wilayah=150900
Kab. Tabalong,https://vervalyayasan.data.kemdikbud.go.id/index.php/Chome/rekapitulasi?kode_wilayah=150800
Kab. Tanah Bumbu,https://vervalyayasan.data.kemdikbud.go.id/index.php/Chome/rekapitulasi?kode_wilayah=151100
Kab. Tanah Laut,https://vervalyayasan.data.kemdikbud.go.id/index.php/Chome/rekapitulasi?kode_wilayah=150200
Kab. Tapin,https://vervalyayasan.data.kemdikbud.go.id/index.php/Chome/rekapitulasi?kode_wilayah=150400
Kota Banjarbaru,https://vervalyayasan.data.kemdikbud.go.id/index.php/Chome/rekapitulasi?kode_wilayah=156100
Kota Banjarmasin,https://vervalyayasan.data.kemdikbud.go.id/index.php/Chome/rekapitulasi?kode_wilayah=156000
Kab. Barito Selatan,https://vervalyayasan.data.kemdikbud.go.id/index.php/Chome/rekapitulasi?kode_wilayah=140200
Kab. Barito Timur,https://vervalyayasan.data.kemdikbud.go.id/index.php/Chome/rekapitulasi?kode_wilayah=141300
Kab. Barito Utara,https://vervalyayasan.data.kemdikbud.go.id/index.php/Chome/rekapitulasi?kode_wilayah=140300
Kab. Gunung Mas,https://vervalyayasan.data.kemdikbud.go.id/index.php/Chome/rekapitulasi?kode_wilayah=141000
Kab. Kapuas,https://vervalyayasan.data.kemdikbud.go.id/index.php/Chome/rekapitulasi?kode_wilayah=140100
Kab. Katingan,https://vervalyayasan.data.kemdikbud.go.id/index.php/Chome/rekapitulasi?kode_wilayah=140600
Kab. Kotawaringin Barat,https://vervalyayasan.data.kemdikbud.go.id/index.php/Chome/rekapitulasi?kode_wilayah=140500
Kab. Kotawaringin Timur,https://vervalyayasan.data.kemdikbud.go.id/index.php/Chome/rekapitulasi?kode_wilayah=140400
Kab. Lamandau,https://vervalyayasan.data.kemdikbud.go.id/index.php/Chome/rekapitulasi?kode_wilayah=140900
Kab. Murung Raya,https://vervalyayasan.data.kemdikbud.go.id/index.php/Chome/rekapitulasi?kode_wilayah=141200
Kab. Pulang Pisau,https://vervalyayasan.data.kemdikbud.go.id/index.php/Chome/rekapitulasi?kode_wilayah=141100
Kab. Seruyan,https://vervalyayasan.data.kemdikbud.go.id/index.php/Chome/rekapitulasi?kode_wilayah=140700
Kab. Sukamara,https://vervalyayasan.data.kemdikbud.go.id/index.php/Chome/rekapitulasi?kode_wilayah=140800
Kota Palangka Raya,https://vervalyayasan.data.kemdikbud.go.id/index.php/Chome/rekapitulasi?kode_wilayah=146000
Kab. Berau,https://vervalyayasan.data.kemdikbud.go.id/index.php/Chome/rekapitulasi?kode_wilayah=160300
Kab. Kutai Barat,https://vervalyayasan.data.kemdikbud.go.id/index.php/Chome/rekapitulasi?kode_wilayah=160900
Kab. Kutai Kartanegara,https://vervalyayasan.data.kemdikbud.go.id/index.php/Chome/rekapitulasi?kode_wilayah=160200
Kab. Kutai Timur,https://vervalyayasan.data.kemdikbud.go.id/index.php/Chome/rekapitulasi?kode_wilayah=161000
Kab. Mahakam Ulu,https://vervalyayasan.data.kemdikbud.go.id/index.php/Chome/rekapitulasi?kode_wilayah=161200
Kab. Paser,https://vervalyayasan.data.kemdikbud.go.id/index.php/Chome/rekapitulasi?kode_wilayah=160100
Kab. Penajam Paser Utara,https://vervalyayasan.data.kemdikbud.go.id/index.php/Chome/rekapitulasi?kode_wilayah=161100
Kota Balikpapan,https://vervalyayasan.data.kemdikbud.go.id/index.php/Chome/rekapitulasi?kode_wilayah=166100
Kota Bontang,https://vervalyayasan.data.kemdikbud.go.id/index.php/Chome/rekapitulasi?kode_wilayah=166300
Kota Samarinda,https://vervalyayasan.data.kemdikbud.go.id/index.php/Chome/rekapitulasi?kode_wilayah=166000
Kab. Bulungan,https://vervalyayasan.data.kemdikbud.go.id/index.php/Chome/rekapitulasi?kode_wilayah=340200
Kab. Malinau,https://vervalyayasan.data.kemdikbud.go.id/index.php/Chome/rekapitulasi?kode_wilayah=340100
Kab. Nunukan,https://vervalyayasan.data.kemdikbud.go.id/index.php/Chome/rekapitulasi?kode_wilayah=340500
Kab. Tana Tidung,https://vervalyayasan.data.kemdikbud.go.id/index.php/Chome/rekapitulasi?kode_wilayah=340300
Kota Tarakan,https://vervalyayasan.data.kemdikbud.go.id/index.php/Chome/rekapitulasi?kode_wilayah=346000
Kab. Bangka,https://vervalyayasan.data.kemdikbud.go.id/index.php/Chome/rekapitulasi?kode_wilayah=290100
Kab. Bangka Barat,https://vervalyayasan.data.kemdikbud.go.id/index.php/Chome/rekapitulasi?kode_wilayah=290400
Kab. Bangka Selatan,https://vervalyayasan.data.kemdikbud.go.id/index.php/Chome/rekapitulasi?kode_wilayah=290500
Kab. Bangka Tengah,https://vervalyayasan.data.kemdikbud.go.id/index.php/Chome/rekapitulasi?kode_wilayah=290300
Kab. Belitung,https://vervalyayasan.data.kemdikbud.go.id/index.php/Chome/rekapitulasi?kode_wilayah=290200
Kab. Belitung Timur,https://vervalyayasan.data.kemdikbud.go.id/index.php/Chome/rekapitulasi?kode_wilayah=290600
Kota Pangkalpinang,https://vervalyayasan.data.kemdikbud.go.id/index.php/Chome/rekapitulasi?kode_wilayah=296000
Kab. Bintan,https://vervalyayasan.data.kemdikbud.go.id/index.php/Chome/rekapitulasi?kode_wilayah=310100
Kab. Karimun,https://vervalyayasan.data.kemdikbud.go.id/index.php/Chome/rekapitulasi?kode_wilayah=310200
Kab. Kepulauan Anambas,https://vervalyayasan.data.kemdikbud.go.id/index.php/Chome/rekapitulasi?kode_wilayah=310500
Kab. Lingga,https://vervalyayasan.data.kemdikbud.go.id/index.php/Chome/rekapitulasi?kode_wilayah=310400
Kab. Natuna,https://vervalyayasan.data.kemdikbud.go.id/index.php/Chome/rekapitulasi?kode_wilayah=310300
Kota Batam,https://vervalyayasan.data.kemdikbud.go.id/index.php/Chome/rekapitulasi?kode_wilayah=316000
Kota Tanjungpinang,https://vervalyayasan.data.kemdikbud.go.id/index.php/Chome/rekapitulasi?kode_wilayah=316100
Kab. Lampung Barat,https://vervalyayasan.data.kemdikbud.go.id/index.php/Chome/rekapitulasi?kode_wilayah=120400
Kab. Lampung Selatan,https://vervalyayasan.data.kemdikbud.go.id/index.php/Chome/rekapitulasi?kode_wilayah=120100
Kab. Lampung Tengah,https://vervalyayasan.data.kemdikbud.go.id/index.php/Chome/rekapitulasi?kode_wilayah=120200
Kab. Lampung Timur,https://vervalyayasan.data.kemdikbud.go.id/index.php/Chome/rekapitulasi?kode_wilayah=120700
Kab. Lampung Utara,https://vervalyayasan.data.kemdikbud.go.id/index.php/Chome/rekapitulasi?kode_wilayah=120300
Kab. Mesuji,https://vervalyayasan.data.kemdikbud.go.id/index.php/Chome/rekapitulasi?kode_wilayah=121100
Kab. Pesawaran,https://vervalyayasan.data.kemdikbud.go.id/index.php/Chome/rekapitulasi?kode_wilayah=120900
Kab. Pesisir Barat,https://vervalyayasan.data.kemdikbud.go.id/index.php/Chome/rekapitulasi?kode_wilayah=121300
Kab. Pringsewu,https://vervalyayasan.data.kemdikbud.go.id/index.php/Chome/rekapitulasi?kode_wilayah=121000
Kab. Tanggamus,https://vervalyayasan.data.kemdikbud.go.id/index.php/Chome/rekapitulasi?kode_wilayah=120600
Kab. Tulang Bawang,https://vervalyayasan.data.kemdikbud.go.id/index.php/Chome/rekapitulasi?kode_wilayah=120500
Kab. Tulang Bawang Barat,https://vervalyayasan.data.kemdikbud.go.id/index.php/Chome/rekapitulasi?kode_wilayah=121200
Kab. Way Kanan,https://vervalyayasan.data.kemdikbud.go.id/index.php/Chome/rekapitulasi?kode_wilayah=120800
Kota Bandar Lampung,https://vervalyayasan.data.kemdikbud.go.id/index.php/Chome/rekapitulasi?kode_wilayah=126000
Kota Metro,https://vervalyayasan.data.kemdikbud.go.id/index.php/Chome/rekapitulasi?kode_wilayah=126100
Kab. Buru,https://vervalyayasan.data.kemdikbud.go.id/index.php/Chome/rekapitulasi?kode_wilayah=210300
Kab. Buru Selatan,https://vervalyayasan.data.kemdikbud.go.id/index.php/Chome/rekapitulasi?kode_wilayah=210900
Kab. Kepulauan Aru,https://vervalyayasan.data.kemdikbud.go.id/index.php/Chome/rekapitulasi?kode_wilayah=210700
Kab. Kepulauan Tanimbar,https://vervalyayasan.data.kemdikbud.go.id/index.php/Chome/rekapitulasi?kode_wilayah=210400
Kab. Maluku Barat Daya,https://vervalyayasan.data.kemdikbud.go.id/index.php/Chome/rekapitulasi?kode_wilayah=210800
Kab. Maluku Tengah,https://vervalyayasan.data.kemdikbud.go.id/index.php/Chome/rekapitulasi?kode_wilayah=210100
Kab. Maluku Tenggara,https://vervalyayasan.data.kemdikbud.go.id/index.php/Chome/rekapitulasi?kode_wilayah=210200
Kab. Seram Bagian Barat,https://vervalyayasan.data.kemdikbud.go.id/index.php/Chome/rekapitulasi?kode_wilayah=210500
Kab. Seram Bagian Timur,https://vervalyayasan.data.kemdikbud.go.id/index.php/Chome/rekapitulasi?kode_wilayah=210600
Kota Ambon,https://vervalyayasan.data.kemdikbud.go.id/index.php/Chome/rekapitulasi?kode_wilayah=216000
Kota Tual,https://vervalyayasan.data.kemdikbud.go.id/index.php/Chome/rekapitulasi?kode_wilayah=216100
Kab. Halmahera Barat,https://vervalyayasan.data.kemdikbud.go.id/index.php/Chome/rekapitulasi?kode_wilayah=270300
Kab. Halmahera Selatan,https://vervalyayasan.data.kemdikbud.go.id/index.php/Chome/rekapitulasi?kode_wilayah=270500
Kab. Halmahera Tengah,https://vervalyayasan.data.kemdikbud.go.id/index.php/Chome/rekapitulasi?kode_wilayah=270200
Kab. Halmahera Timur,https://vervalyayasan.data.kemdikbud.go.id/index.php/Chome/rekapitulasi?kode_wilayah=270600
Kab. halmahera Utara,https://vervalyayasan.data.kemdikbud.go.id/index.php/Chome/rekapitulasi?kode_wilayah=270400
Kab. Kepulauan Morotai,https://vervalyayasan.data.kemdikbud.go.id/index.php/Chome/rekapitulasi?kode_wilayah=270800
Kab. Kepulauan Sula,https://vervalyayasan.data.kemdikbud.go.id/index.php/Chome/rekapitulasi?kode_wilayah=270700
Kab. Pulau Taliabu,https://vervalyayasan.data.kemdikbud.go.id/index.php/Chome/rekapitulasi?kode_wilayah=270100
Kota Ternate,https://vervalyayasan.data.kemdikbud.go.id/index.php/Chome/rekapitulasi?kode_wilayah=276000
Kota Tidore Kepulauan,https://vervalyayasan.data.kemdikbud.go.id/index.php/Chome/rekapitulasi?kode_wilayah=276100
Kab. Bima,https://vervalyayasan.data.kemdikbud.go.id/index.php/Chome/rekapitulasi?kode_wilayah=230600
Kab. Dompu,https://vervalyayasan.data.kemdikbud.go.id/index.php/Chome/rekapitulasi?kode_wilayah=230500
Kab. Lombok Barat,https://vervalyayasan.data.kemdikbud.go.id/index.php/Chome/rekapitulasi?kode_wilayah=230100
Kab. Lombok Tengah,https://vervalyayasan.data.kemdikbud.go.id/index.php/Chome/rekapitulasi?kode_wilayah=230200
Kab. Lombok Timur,https://vervalyayasan.data.kemdikbud.go.id/index.php/Chome/rekapitulasi?kode_wilayah=230300
Kab. Lombok Utara,https://vervalyayasan.data.kemdikbud.go.id/index.php/Chome/rekapitulasi?kode_wilayah=230800
Kab. Sumbawa,https://vervalyayasan.data.kemdikbud.go.id/index.php/Chome/rekapitulasi?kode_wilayah=230400
Kab. Sumbawa Barat,https://vervalyayasan.data.kemdikbud.go.id/index.php/Chome/rekapitulasi?kode_wilayah=230700
Kota Bima,https://vervalyayasan.data.kemdikbud.go.id/index.php/Chome/rekapitulasi?kode_wilayah=236100
Kota Mataram,https://vervalyayasan.data.kemdikbud.go.id/index.php/Chome/rekapitulasi?kode_wilayah=236000
Kab. Alor,https://vervalyayasan.data.kemdikbud.go.id/index.php/Chome/rekapitulasi?kode_wilayah=240600
Kab. Belu,https://vervalyayasan.data.kemdikbud.go.id/index.php/Chome/rekapitulasi?kode_wilayah=240500
Kab. Ende,https://vervalyayasan.data.kemdikbud.go.id/index.php/Chome/rekapitulasi?kode_wilayah=240900
Kab. Flores Timur,https://vervalyayasan.data.kemdikbud.go.id/index.php/Chome/rekapitulasi?kode_wilayah=240700
Kab. Kupang,https://vervalyayasan.data.kemdikbud.go.id/index.php/Chome/rekapitulasi?kode_wilayah=240100
Kab. Lembata,https://vervalyayasan.data.kemdikbud.go.id/index.php/Chome/rekapitulasi?kode_wilayah=241400
Kab. Malaka,https://vervalyayasan.data.kemdikbud.go.id/index.php/Chome/rekapitulasi?kode_wilayah=242200
Kab. Manggarai,https://vervalyayasan.data.kemdikbud.go.id/index.php/Chome/rekapitulasi?kode_wilayah=241100
Kab. Manggarai Barat,https://vervalyayasan.data.kemdikbud.go.id/index.php/Chome/rekapitulasi?kode_wilayah=241600
Kab. Manggarai Timur,https://vervalyayasan.data.kemdikbud.go.id/index.php/Chome/rekapitulasi?kode_wilayah=242000
Kab. Nagekeo,https://vervalyayasan.data.kemdikbud.go.id/index.php/Chome/rekapitulasi?kode_wilayah=241700
Kab. Ngada,https://vervalyayasan.data.kemdikbud.go.id/index.php/Chome/rekapitulasi?kode_wilayah=241000
Kab. Rote-Ndao,https://vervalyayasan.data.kemdikbud.go.id/index.php/Chome/rekapitulasi?kode_wilayah=241500
Kab. Sabu Raijua,https://vervalyayasan.data.kemdikbud.go.id/index.php/Chome/rekapitulasi?kode_wilayah=242100
Kab. Sikka,https://vervalyayasan.data.kemdikbud.go.id/index.php/Chome/rekapitulasi?kode_wilayah=240800
Kab. Sumba Barat,https://vervalyayasan.data.kemdikbud.go.id/index.php/Chome/rekapitulasi?kode_wilayah=241300
Kab. Sumba Barat Daya,https://vervalyayasan.data.kemdikbud.go.id/index.php/Chome/rekapitulasi?kode_wilayah=241900
Kab. Sumba Tengah,https://vervalyayasan.data.kemdikbud.go.id/index.php/Chome/rekapitulasi?kode_wilayah=241800
Kab. Sumba Timur,https://vervalyayasan.data.kemdikbud.go.id/index.php/Chome/rekapitulasi?kode_wilayah=241200
Kab. Timor Tengah Selatan,https://vervalyayasan.data.kemdikbud.go.id/index.php/Chome/rekapitulasi?kode_wilayah=240300
Kab. Timor Tengah Utara,https://vervalyayasan.data.kemdikbud.go.id/index.php/Chome/rekapitulasi?kode_wilayah=240400
Kota Kupang,https://vervalyayasan.data.kemdikbud.go.id/index.php/Chome/rekapitulasi?kode_wilayah=246000
Kab. Biak Numfor,https://vervalyayasan.data.kemdikbud.go.id/index.php/Chome/rekapitulasi?kode_wilayah=250200
Kab. Jayapura,https://vervalyayasan.data.kemdikbud.go.id/index.php/Chome/rekapitulasi?kode_wilayah=250100
Kab. Keerom,https://vervalyayasan.data.kemdikbud.go.id/index.php/Chome/rekapitulasi?kode_wilayah=252000
Kab. Kepulauan Yapen,https://vervalyayasan.data.kemdikbud.go.id/index.php/Chome/rekapitulasi?kode_wilayah=250300
Kab. Memberamo Raya,https://vervalyayasan.data.kemdikbud.go.id/index.php/Chome/rekapitulasi?kode_wilayah=252800
Kab. Sarmi,https://vervalyayasan.data.kemdikbud.go.id/index.php/Chome/rekapitulasi?kode_wilayah=251900
Kab. Supiori,https://vervalyayasan.data.kemdikbud.go.id/index.php/Chome/rekapitulasi?kode_wilayah=252700
Kab. Waropen,https://vervalyayasan.data.kemdikbud.go.id/index.php/Chome/rekapitulasi?kode_wilayah=252600
Kota Jayapura,https://vervalyayasan.data.kemdikbud.go.id/index.php/Chome/rekapitulasi?kode_wilayah=256000
Kab. Fak-Fak,https://vervalyayasan.data.kemdikbud.go.id/index.php/Chome/rekapitulasi?kode_wilayah=320100
Kab. Kaimana,https://vervalyayasan.data.kemdikbud.go.id/index.php/Chome/rekapitulasi?kode_wilayah=320200
Kab. Manokwari,https://vervalyayasan.data.kemdikbud.go.id/index.php/Chome/rekapitulasi?kode_wilayah=320500
Kab. Manokwari Selatan,https://vervalyayasan.data.kemdikbud.go.id/index.php/Chome/rekapitulasi?kode_wilayah=321200
Kab. Pegunungan Arfak,https://vervalyayasan.data.kemdikbud.go.id/index.php/Chome/rekapitulasi?kode_wilayah=321100
Kab. Teluk Bintuni,https://vervalyayasan.data.kemdikbud.go.id/index.php/Chome/rekapitulasi?kode_wilayah=320400
Kab. Teluk Wondama,https://vervalyayasan.data.kemdikbud.go.id/index.php/Chome/rekapitulasi?kode_wilayah=320300
Kab. Maybrat,https://vervalyayasan.data.kemdikbud.go.id/index.php/Chome/rekapitulasi?kode_wilayah=390100
Kab. Raja Ampat,https://vervalyayasan.data.kemdikbud.go.id/index.php/Chome/rekapitulasi?kode_wilayah=390200
Kab. Sorong,https://vervalyayasan.data.kemdikbud.go.id/index.php/Chome/rekapitulasi?kode_wilayah=390400
Kab. Sorong Selatan,https://vervalyayasan.data.kemdikbud.go.id/index.php/Chome/rekapitulasi?kode_wilayah=390300
Kab. Tambrauw,https://vervalyayasan.data.kemdikbud.go.id/index.php/Chome/rekapitulasi?kode_wilayah=390500
Kota Sorong,https://vervalyayasan.data.kemdikbud.go.id/index.php/Chome/rekapitulasi?kode_wilayah=390600
Kab. Jayawijaya,https://vervalyayasan.data.kemdikbud.go.id/index.php/Chome/rekapitulasi?kode_wilayah=380100
Kab. Lanny Jaya,https://vervalyayasan.data.kemdikbud.go.id/index.php/Chome/rekapitulasi?kode_wilayah=380700
Kab. Mamberamo Tengah,https://vervalyayasan.data.kemdikbud.go.id/index.php/Chome/rekapitulasi?kode_wilayah=380500
Kab. Nduga,https://vervalyayasan.data.kemdikbud.go.id/index.php/Chome/rekapitulasi?kode_wilayah=380800
Kab. Pegunungan Bintang,https://vervalyayasan.data.kemdikbud.go.id/index.php/Chome/rekapitulasi?kode_wilayah=380200
Kab. Tolikara,https://vervalyayasan.data.kemdikbud.go.id/index.php/Chome/rekapitulasi?kode_wilayah=380400
Kab. Yahukimo,https://vervalyayasan.data.kemdikbud.go.id/index.php/Chome/rekapitulasi?kode_wilayah=380300
Kab. Yalimo,https://vervalyayasan.data.kemdikbud.go.id/index.php/Chome/rekapitulasi?kode_wilayah=380600
Kab. Asmat,https://vervalyayasan.data.kemdikbud.go.id/index.php/Chome/rekapitulasi?kode_wilayah=370400
Kab. Boven Digoel,https://vervalyayasan.data.kemdikbud.go.id/index.php/Chome/rekapitulasi?kode_wilayah=370200
Kab. Mappi,https://vervalyayasan.data.kemdikbud.go.id/index.php/Chome/rekapitulasi?kode_wilayah=370300
Kab. Merauke,https://vervalyayasan.data.kemdikbud.go.id/index.php/Chome/rekapitulasi?kode_wilayah=370100
Kab. Deiyai,https://vervalyayasan.data.kemdikbud.go.id/index.php/Chome/rekapitulasi?kode_wilayah=360800
Kab. Dogiyai,https://vervalyayasan.data.kemdikbud.go.id/index.php/Chome/rekapitulasi?kode_wilayah=360600
Kab. Intan Jaya,https://vervalyayasan.data.kemdikbud.go.id/index.php/Chome/rekapitulasi?kode_wilayah=360700
Kab. Mimika,https://vervalyayasan.data.kemdikbud.go.id/index.php/Chome/rekapitulasi?kode_wilayah=360400
Kab. Nabire,https://vervalyayasan.data.kemdikbud.go.id/index.php/Chome/rekapitulasi?kode_wilayah=360100
Kab. Paniai,https://vervalyayasan.data.kemdikbud.go.id/index.php/Chome/rekapitulasi?kode_wilayah=360300
Kab. Puncak,https://vervalyayasan.data.kemdikbud.go.id/index.php/Chome/rekapitulasi?kode_wilayah=360500
Kab. Puncak Jaya,https://vervalyayasan.data.kemdikbud.go.id/index.php/Chome/rekapitulasi?kode_wilayah=360200
Kab. Bengkalis,https://vervalyayasan.data.kemdikbud.go.id/index.php/Chome/rekapitulasi?kode_wilayah=090200
Kab. Indragiri Hilir,https://vervalyayasan.data.kemdikbud.go.id/index.php/Chome/rekapitulasi?kode_wilayah=090500
Kab. Indragiri Hulu,https://vervalyayasan.data.kemdikbud.go.id/index.php/Chome/rekapitulasi?kode_wilayah=090400
Kab. Kampar,https://vervalyayasan.data.kemdikbud.go.id/index.php/Chome/rekapitulasi?kode_wilayah=090100
Kab. Kepulauan Meranti,https://vervalyayasan.data.kemdikbud.go.id/index.php/Chome/rekapitulasi?kode_wilayah=091500
Kab. Kuantan Singingi,https://vervalyayasan.data.kemdikbud.go.id/index.php/Chome/rekapitulasi?kode_wilayah=091400
Kab. Pelalawan,https://vervalyayasan.data.kemdikbud.go.id/index.php/Chome/rekapitulasi?kode_wilayah=090800
Kab. Rokan Hilir,https://vervalyayasan.data.kemdikbud.go.id/index.php/Chome/rekapitulasi?kode_wilayah=091000
Kab. Rokan Hulu,https://vervalyayasan.data.kemdikbud.go.id/index.php/Chome/rekapitulasi?kode_wilayah=090900
Kab. Siak,https://vervalyayasan.data.kemdikbud.go.id/index.php/Chome/rekapitulasi?kode_wilayah=091100
Kota Dumai,https://vervalyayasan.data.kemdikbud.go.id/index.php/Chome/rekapitulasi?kode_wilayah=096200
Kota Pekanbaru,https://vervalyayasan.data.kemdikbud.go.id/index.php/Chome/rekapitulasi?kode_wilayah=096000
Kab. Majene,https://vervalyayasan.data.kemdikbud.go.id/index.php/Chome/rekapitulasi?kode_wilayah=330500
Kab. Mamasa,https://vervalyayasan.data.kemdikbud.go.id/index.php/Chome/rekapitulasi?kode_wilayah=330400
Kab. Mamuju,https://vervalyayasan.data.kemdikbud.go.id/index.php/Chome/rekapitulasi?kode_wilayah=330100
Kab. Mamuju Tengah,https://vervalyayasan.data.kemdikbud.go.id/index.php/Chome/rekapitulasi?kode_wilayah=330600
Kab. Pasangkayu,https://vervalyayasan.data.kemdikbud.go.id/index.php/Chome/rekapitulasi?kode_wilayah=330200
Kab. Polewali Mandar,https://vervalyayasan.data.kemdikbud.go.id/index.php/Chome/rekapitulasi?kode_wilayah=330300
Kab. Bantaeng,https://vervalyayasan.data.kemdikbud.go.id/index.php/Chome/rekapitulasi?kode_wilayah=191000
Kab. Barru,https://vervalyayasan.data.kemdikbud.go.id/index.php/Chome/rekapitulasi?kode_wilayah=190600
Kab. Bone,https://vervalyayasan.data.kemdikbud.go.id/index.php/Chome/rekapitulasi?kode_wilayah=190700
Kab. Bulukumba,https://vervalyayasan.data.kemdikbud.go.id/index.php/Chome/rekapitulasi?kode_wilayah=191100
Kab. Enrekang,https://vervalyayasan.data.kemdikbud.go.id/index.php/Chome/rekapitulasi?kode_wilayah=191600
Kab. Gowa,https://vervalyayasan.data.kemdikbud.go.id/index.php/Chome/rekapitulasi?kode_wilayah=190300
Kab. Jeneponto,https://vervalyayasan.data.kemdikbud.go.id/index.php/Chome/rekapitulasi?kode_wilayah=190500
Kab. Kepulauan Selayar,https://vervalyayasan.data.kemdikbud.go.id/index.php/Chome/rekapitulasi?kode_wilayah=191300
Kab. Luwu,https://vervalyayasan.data.kemdikbud.go.id/index.php/Chome/rekapitulasi?kode_wilayah=191700
Kab. Luwu Timur,https://vervalyayasan.data.kemdikbud.go.id/index.php/Chome/rekapitulasi?kode_wilayah=192600
Kab. Luwu Utara,https://vervalyayasan.data.kemdikbud.go.id/index.php/Chome/rekapitulasi?kode_wilayah=192400
Kab. Maros,https://vervalyayasan.data.kemdikbud.go.id/index.php/Chome/rekapitulasi?kode_wilayah=190100
Kab. Pangkajene Kepulauan,https://vervalyayasan.data.kemdikbud.go.id/index.php/Chome/rekapitulasi?kode_wilayah=190200
Kab. Pinrang,https://vervalyayasan.data.kemdikbud.go.id/index.php/Chome/rekapitulasi?kode_wilayah=191400
Kab. Sidenreng Rappang,https://vervalyayasan.data.kemdikbud.go.id/index.php/Chome/rekapitulasi?kode_wilayah=191500
Kab. Sinjai,https://vervalyayasan.data.kemdikbud.go.id/index.php/Chome/rekapitulasi?kode_wilayah=191200
Kab. Soppeng,https://vervalyayasan.data.kemdikbud.go.id/index.php/Chome/rekapitulasi?kode_wilayah=190900
Kab. Takalar,https://vervalyayasan.data.kemdikbud.go.id/index.php/Chome/rekapitulasi?kode_wilayah=190400
Kab. Tana Toraja,https://vervalyayasan.data.kemdikbud.go.id/index.php/Chome/rekapitulasi?kode_wilayah=191800
Kab. Toraja Utara,https://vervalyayasan.data.kemdikbud.go.id/index.php/Chome/rekapitulasi?kode_wilayah=192700
Kab. Wajo,https://vervalyayasan.data.kemdikbud.go.id/index.php/Chome/rekapitulasi?kode_wilayah=190800
Kota Makassar,https://vervalyayasan.data.kemdikbud.go.id/index.php/Chome/rekapitulasi?kode_wilayah=196000
Kota Palopo,https://vervalyayasan.data.kemdikbud.go.id/index.php/Chome/rekapitulasi?kode_wilayah=196200
Kota Parepare,https://vervalyayasan.data.kemdikbud.go.id/index.php/Chome/rekapitulasi?kode_wilayah=196100
Kab. Banggai,https://vervalyayasan.data.kemdikbud.go.id/index.php/Chome/rekapitulasi?kode_wilayah=180400
Kab. Banggai Kepulauan,https://vervalyayasan.data.kemdikbud.go.id/index.php/Chome/rekapitulasi?kode_wilayah=180100
Kab. Banggai Laut,https://vervalyayasan.data.kemdikbud.go.id/index.php/Chome/rekapitulasi?kode_wilayah=181100
Kab. Buol,https://vervalyayasan.data.kemdikbud.go.id/index.php/Chome/rekapitulasi?kode_wilayah=180500
Kab. Donggala,https://vervalyayasan.data.kemdikbud.go.id/index.php/Chome/rekapitulasi?kode_wilayah=180200
Kab. Morowali,https://vervalyayasan.data.kemdikbud.go.id/index.php/Chome/rekapitulasi?kode_wilayah=180700
Kab. Morowali Utara,https://vervalyayasan.data.kemdikbud.go.id/index.php/Chome/rekapitulasi?kode_wilayah=181200
Kab. Parigi Moutong,https://vervalyayasan.data.kemdikbud.go.id/index.php/Chome/rekapitulasi?kode_wilayah=180800
Kab. Poso,https://vervalyayasan.data.kemdikbud.go.id/index.php/Chome/rekapitulasi?kode_wilayah=180300
Kab. Sigi,https://vervalyayasan.data.kemdikbud.go.id/index.php/Chome/rekapitulasi?kode_wilayah=181000
Kab. Tojo Una-Una,https://vervalyayasan.data.kemdikbud.go.id/index.php/Chome/rekapitulasi?kode_wilayah=180900
Kab. Tolitoli,https://vervalyayasan.data.kemdikbud.go.id/index.php/Chome/rekapitulasi?kode_wilayah=180600
Kota Palu,https://vervalyayasan.data.kemdikbud.go.id/index.php/Chome/rekapitulasi?kode_wilayah=186000
Kab. Bombana,https://vervalyayasan.data.kemdikbud.go.id/index.php/Chome/rekapitulasi?kode_wilayah=200700
Kab. Buton,https://vervalyayasan.data.kemdikbud.go.id/index.php/Chome/rekapitulasi?kode_wilayah=200300
Kab. Buton Selatan,https://vervalyayasan.data.kemdikbud.go.id/index.php/Chome/rekapitulasi?kode_wilayah=201400
Kab. Buton Tengah,https://vervalyayasan.data.kemdikbud.go.id/index.php/Chome/rekapitulasi?kode_wilayah=201600
Kab. Buton Utara,https://vervalyayasan.data.kemdikbud.go.id/index.php/Chome/rekapitulasi?kode_wilayah=201000
Kab. Kolaka,https://vervalyayasan.data.kemdikbud.go.id/index.php/Chome/rekapitulasi?kode_wilayah=200400
Kab. Kolaka Timur,https://vervalyayasan.data.kemdikbud.go.id/index.php/Chome/rekapitulasi?kode_wilayah=201100
Kab. Kolaka Utara,https://vervalyayasan.data.kemdikbud.go.id/index.php/Chome/rekapitulasi?kode_wilayah=200800
Kab. Konawe,https://vervalyayasan.data.kemdikbud.go.id/index.php/Chome/rekapitulasi?kode_wilayah=200100
Kab. Konawe Kepulauan,https://vervalyayasan.data.kemdikbud.go.id/index.php/Chome/rekapitulasi?kode_wilayah=201200
Kab. Konawe Selatan,https://vervalyayasan.data.kemdikbud.go.id/index.php/Chome/rekapitulasi?kode_wilayah=200500
Kab. Konawe Utara,https://vervalyayasan.data.kemdikbud.go.id/index.php/Chome/rekapitulasi?kode_wilayah=200900
Kab. Muna,https://vervalyayasan.data.kemdikbud.go.id/index.php/Chome/rekapitulasi?kode_wilayah=200200
Kab. Muna Barat,https://vervalyayasan.data.kemdikbud.go.id/index.php/Chome/rekapitulasi?kode_wilayah=201300
Kab. Wakatobi,https://vervalyayasan.data.kemdikbud.go.id/index.php/Chome/rekapitulasi?kode_wilayah=200600
Kota Baubau,https://vervalyayasan.data.kemdikbud.go.id/index.php/Chome/rekapitulasi?kode_wilayah=206100
Kota Kendari,https://vervalyayasan.data.kemdikbud.go.id/index.php/Chome/rekapitulasi?kode_wilayah=206000
Kab. Bolaang Mongondow,https://vervalyayasan.data.kemdikbud.go.id/index.php/Chome/rekapitulasi?kode_wilayah=170100
Kab. Bolaang Mongondow Selatan,https://vervalyayasan.data.kemdikbud.go.id/index.php/Chome/rekapitulasi?kode_wilayah=171200
Kab. Bolaang Mongondow Timur,https://vervalyayasan.data.kemdikbud.go.id/index.php/Chome/rekapitulasi?kode_wilayah=171100
Kab. Bolaang Mongondow Utara,https://vervalyayasan.data.kemdikbud.go.id/index.php/Chome/rekapitulasi?kode_wilayah=170800
Kab. Kep. Sangihe,https://vervalyayasan.data.kemdikbud.go.id/index.php/Chome/rekapitulasi?kode_wilayah=170300
Kab. Kepulauan Siau Tagulandang Biaro,https://vervalyayasan.data.kemdikbud.go.id/index.php/Chome/rekapitulasi?kode_wilayah=170900
Kab. Kepulauan Talaud,https://vervalyayasan.data.kemdikbud.go.id/index.php/Chome/rekapitulasi?kode_wilayah=170400
Kab. Minahasa,https://vervalyayasan.data.kemdikbud.go.id/index.php/Chome/rekapitulasi?kode_wilayah=170200
Kab. Minahasa Selatan,https://vervalyayasan.data.kemdikbud.go.id/index.php/Chome/rekapitulasi?kode_wilayah=170500
Kab. Minahasa Tenggara,https://vervalyayasan.data.kemdikbud.go.id/index.php/Chome/rekapitulasi?kode_wilayah=171000
Kab. Minahasa Utara,https://vervalyayasan.data.kemdikbud.go.id/index.php/Chome/rekapitulasi?kode_wilayah=170600
Kota Bitung,https://vervalyayasan.data.kemdikbud.go.id/index.php/Chome/rekapitulasi?kode_wilayah=176100
Kota Kotamobagu,https://vervalyayasan.data.kemdikbud.go.id/index.php/Chome/rekapitulasi?kode_wilayah=176300
Kota Manado,https://vervalyayasan.data.kemdikbud.go.id/index.php/Chome/rekapitulasi?kode_wilayah=176000
Kota Tomohon,https://vervalyayasan.data.kemdikbud.go.id/index.php/Chome/rekapitulasi?kode_wilayah=176200
Kab. Agam,https://vervalyayasan.data.kemdikbud.go.id/index.php/Chome/rekapitulasi?kode_wilayah=080100
Kab. Dharmasraya,https://vervalyayasan.data.kemdikbud.go.id/index.php/Chome/rekapitulasi?kode_wilayah=081200
Kab. Kepulauan Mentawai,https://vervalyayasan.data.kemdikbud.go.id/index.php/Chome/rekapitulasi?kode_wilayah=081000
Kab. Lima Puluh Koto,https://vervalyayasan.data.kemdikbud.go.id/index.php/Chome/rekapitulasi?kode_wilayah=080300
Kab. Padang Pariaman,https://vervalyayasan.data.kemdikbud.go.id/index.php/Chome/rekapitulasi?kode_wilayah=080500
Kab. Pasaman,https://vervalyayasan.data.kemdikbud.go.id/index.php/Chome/rekapitulasi?kode_wilayah=080200
Kab. Pasaman Barat,https://vervalyayasan.data.kemdikbud.go.id/index.php/Chome/rekapitulasi?kode_wilayah=081300
Kab. Pesisir Selatan,https://vervalyayasan.data.kemdikbud.go.id/index.php/Chome/rekapitulasi?kode_wilayah=080600
Kab. Sijunjung,https://vervalyayasan.data.kemdikbud.go.id/index.php/Chome/rekapitulasi?kode_wilayah=080800
Kab. Solok,https://vervalyayasan.data.kemdikbud.go.id/index.php/Chome/rekapitulasi?kode_wilayah=080400
Kab. Solok Selatan,https://vervalyayasan.data.kemdikbud.go.id/index.php/Chome/rekapitulasi?kode_wilayah=081100
Kab. Tanah Datar,https://vervalyayasan.data.kemdikbud.go.id/index.php/Chome/rekapitulasi?kode_wilayah=080700
Kota Bukittinggi,https://vervalyayasan.data.kemdikbud.go.id/index.php/Chome/rekapitulasi?kode_wilayah=086000
Kota Padang,https://vervalyayasan.data.kemdikbud.go.id/index.php/Chome/rekapitulasi?kode_wilayah=086100
Kota Padang Panjang,https://vervalyayasan.data.kemdikbud.go.id/index.php/Chome/rekapitulasi?kode_wilayah=086200
Kota Pariaman,https://vervalyayasan.data.kemdikbud.go.id/index.php/Chome/rekapitulasi?kode_wilayah=086600
Kota Payakumbuh,https://vervalyayasan.data.kemdikbud.go.id/index.php/Chome/rekapitulasi?kode_wilayah=086500
Kota Sawah Lunto,https://vervalyayasan.data.kemdikbud.go.id/index.php/Chome/rekapitulasi?kode_wilayah=086300
Kota Solok,https://vervalyayasan.data.kemdikbud.go.id/index.php/Chome/rekapitulasi?kode_wilayah=086400
Kab. Banyuasin,https://vervalyayasan.data.kemdikbud.go.id/index.php/Chome/rekapitulasi?kode_wilayah=110700
Kab. Empat Lawang,https://vervalyayasan.data.kemdikbud.go.id/index.php/Chome/rekapitulasi?kode_wilayah=111100
Kab. Lahat,https://vervalyayasan.data.kemdikbud.go.id/index.php/Chome/rekapitulasi?kode_wilayah=110500
Kab. Muara Enim,https://vervalyayasan.data.kemdikbud.go.id/index.php/Chome/rekapitulasi?kode_wilayah=110400
Kab. Musi Banyuasin,https://vervalyayasan.data.kemdikbud.go.id/index.php/Chome/rekapitulasi?kode_wilayah=110100
Kab. Musi Rawas,https://vervalyayasan.data.kemdikbud.go.id/index.php/Chome/rekapitulasi?kode_wilayah=110600
Kab. Musi Rawas Utara,https://vervalyayasan.data.kemdikbud.go.id/index.php/Chome/rekapitulasi?kode_wilayah=111300
Kab. Ogan Ilir,https://vervalyayasan.data.kemdikbud.go.id/index.php/Chome/rekapitulasi?kode_wilayah=111000
Kab. Ogan Komering Ilir,https://vervalyayasan.data.kemdikbud.go.id/index.php/Chome/rekapitulasi?kode_wilayah=110200
Kab. Ogan Komering Ulu,https://vervalyayasan.data.kemdikbud.go.id/index.php/Chome/rekapitulasi?kode_wilayah=110300
Kab. Ogan Komering Ulu Selatan,https://vervalyayasan.data.kemdikbud.go.id/index.php/Chome/rekapitulasi?kode_wilayah=110900
Kab. Ogan Komering Ulu Timur,https://vervalyayasan.data.kemdikbud.go.id/index.php/Chome/rekapitulasi?kode_wilayah=110800
Kab. Penukal Abab Lematang Ilir,https://vervalyayasan.data.kemdikbud.go.id/index.php/Chome/rekapitulasi?kode_wilayah=111200
Kota Lubuk Linggau,https://vervalyayasan.data.kemdikbud.go.id/index.php/Chome/rekapitulasi?kode_wilayah=116200
Kota Pagar Alam,https://vervalyayasan.data.kemdikbud.go.id/index.php/Chome/rekapitulasi?kode_wilayah=116300
Kota Palembang,https://vervalyayasan.data.kemdikbud.go.id/index.php/Chome/rekapitulasi?kode_wilayah=116000
Kota Prabumulih,https://vervalyayasan.data.kemdikbud.go.id/index.php/Chome/rekapitulasi?kode_wilayah=116100
Kab. Asahan,https://vervalyayasan.data.kemdikbud.go.id/index.php/Chome/rekapitulasi?kode_wilayah=070600
Kab. Batubara,https://vervalyayasan.data.kemdikbud.go.id/index.php/Chome/rekapitulasi?kode_wilayah=072200
Kab. Dairi,https://vervalyayasan.data.kemdikbud.go.id/index.php/Chome/rekapitulasi?kode_wilayah=070500
Kab. Deli Serdang,https://vervalyayasan.data.kemdikbud.go.id/index.php/Chome/rekapitulasi?kode_wilayah=070100
Kab. Humbang Hasudutan,https://vervalyayasan.data.kemdikbud.go.id/index.php/Chome/rekapitulasi?kode_wilayah=071900
Kab. Karo,https://vervalyayasan.data.kemdikbud.go.id/index.php/Chome/rekapitulasi?kode_wilayah=070300
Kab. Labuhan Batu,https://vervalyayasan.data.kemdikbud.go.id/index.php/Chome/rekapitulasi?kode_wilayah=070700
Kab. Labuhan Batu Selatan,https://vervalyayasan.data.kemdikbud.go.id/index.php/Chome/rekapitulasi?kode_wilayah=072600
Kab. Labuhan Batu Utara,https://vervalyayasan.data.kemdikbud.go.id/index.php/Chome/rekapitulasi?kode_wilayah=072500
Kab. Langkat,https://vervalyayasan.data.kemdikbud.go.id/index.php/Chome/rekapitulasi?kode_wilayah=070200
Kab. Mandailing Natal,https://vervalyayasan.data.kemdikbud.go.id/index.php/Chome/rekapitulasi?kode_wilayah=071500
Kab. Nias,https://vervalyayasan.data.kemdikbud.go.id/index.php/Chome/rekapitulasi?kode_wilayah=071100
Kab. Nias Barat,https://vervalyayasan.data.kemdikbud.go.id/index.php/Chome/rekapitulasi?kode_wilayah=072700
Kab. Nias Selatan,https://vervalyayasan.data.kemdikbud.go.id/index.php/Chome/rekapitulasi?kode_wilayah=071700
Kab. Nias Utara,https://vervalyayasan.data.kemdikbud.go.id/index.php/Chome/rekapitulasi?kode_wilayah=072800
Kab. Padang Lawas,https://vervalyayasan.data.kemdikbud.go.id/index.php/Chome/rekapitulasi?kode_wilayah=072400
Kab. Padang Lawas utara,https://vervalyayasan.data.kemdikbud.go.id/index.php/Chome/rekapitulasi?kode_wilayah=072300
Kab. Pakpak Bharat,https://vervalyayasan.data.kemdikbud.go.id/index.php/Chome/rekapitulasi?kode_wilayah=071800
Kab. Samosir,https://vervalyayasan.data.kemdikbud.go.id/index.php/Chome/rekapitulasi?kode_wilayah=072000
Kab. Serdang Bedagai,https://vervalyayasan.data.kemdikbud.go.id/index.php/Chome/rekapitulasi?kode_wilayah=072100
Kab. Simalungun,https://vervalyayasan.data.kemdikbud.go.id/index.php/Chome/rekapitulasi?kode_wilayah=070400
Kab. Tapanuli Selatan,https://vervalyayasan.data.kemdikbud.go.id/index.php/Chome/rekapitulasi?kode_wilayah=071000
Kab. Tapanuli Tengah,https://vervalyayasan.data.kemdikbud.go.id/index.php/Chome/rekapitulasi?kode_wilayah=070900
Kab. Tapanuli Utara,https://vervalyayasan.data.kemdikbud.go.id/index.php/Chome/rekapitulasi?kode_wilayah=070800
Kab. Toba,https://vervalyayasan.data.kemdikbud.go.id/index.php/Chome/rekapitulasi?kode_wilayah=071600
Kota Binjai,https://vervalyayasan.data.kemdikbud.go.id/index.php/Chome/rekapitulasi?kode_wilayah=076100
Kota Gunungsitoli,https://vervalyayasan.data.kemdikbud.go.id/index.php/Chome/rekapitulasi?kode_wilayah=076700
Kota Medan,https://vervalyayasan.data.kemdikbud.go.id/index.php/Chome/rekapitulasi?kode_wilayah=076000
Kota Padang Sidimpuan,https://vervalyayasan.data.kemdikbud.go.id/index.php/Chome/rekapitulasi?kode_wilayah=076600
Kota Pematangsiantar,https://vervalyayasan.data.kemdikbud.go.id/index.php/Chome/rekapitulasi?kode_wilayah=076300
Kota Sibolga,https://vervalyayasan.data.kemdikbud.go.id/index.php/Chome/rekapitulasi?kode_wilayah=076500
Kota Tanjung Balai,https://vervalyayasan.data.kemdikbud.go.id/index.php/Chome/rekapitulasi?kode_wilayah=076400
Kota Tebing Tinggi,https://vervalyayasan.data.kemdikbud.go.id/index.php/Chome/rekapitulasi?kode_wilayah=076200
